working_capital_ratio,retained_earnings_ratio,ebit_ratio,debt_equity_ratio,revenue_ratio,current_ratio,net_income_ratio,failed
0.2013,0.3674,0.0741,1.004,1.6203,2.0224,0.0187,0
0.067,0.291,-0.0245,0.754,1.4064,2.1973,0.1087,0
0.2019,0.1831,0.088,0.9838,1.8162,0.8225,0.0416,0
0.1346,0.5089,0.0468,1.1859,1.5425,2.4308,0.0266,0
0.1132,0.2938,0.0888,0.01,0.5517,1.4966,0.0829,0
0.1939,0.0871,0.0479,0.8489,1.8416,1.6719,0.0482,0
0.1133,0.2797,0.0636,0.5978,1.1255,1.0837,0.0673,0
0.2404,0.5955,0.0112,1.4296,1.8586,1.3133,0.1104,0
0.2894,0.3219,0.0483,1.8893,1.4777,1.7263,0.1082,0
-0.2377,0.1888,-0.0282,3.8408,0.9028,1.0827,0.0056,1
0.3145,0.304,0.0701,0.3244,1.2633,1.2965,0.0624,0
-0.0599,-0.3422,-0.0852,2.5569,0.5419,0.7462,0.0405,1
0.295,0.2945,0.1761,0.9444,0.9372,1.1334,-0.0176,0
0.0366,0.1244,-0.0264,0.088,1.4714,0.8177,-0.0141,0
0.3275,0.221,0.1131,1.4444,1.3468,1.1396,0.1672,0
0.2236,0.0714,0.1407,0.3354,0.9464,1.6266,0.0307,0
-0.0582,-0.0429,0.0321,3.2743,0.9667,0.9358,-0.0558,1
0.1495,-0.0094,0.2172,0.7695,1.1005,2.0084,0.1184,0
0.2018,0.3213,-0.0048,0.5306,1.298,1.9281,0.1197,0
0.2693,0.0683,0.1438,0.8071,1.0184,1.5965,0.0943,0
0.0428,0.4913,0.1497,1.3454,1.2148,1.725,-0.0117,0
-0.1753,0.329,-0.1388,2.8718,0.9901,1.0655,-0.0548,1
0.2011,0.43,0.0705,0.01,1.6479,1.4823,0.0005,0
0.1648,0.33,0.1504,1.4091,1.8229,2.2361,0.0442,0
0.1295,-0.222,-0.0334,2.5176,0.5645,1.1593,-0.0497,1
0.0142,-0.1374,0.0786,3.9249,1.5769,1.1319,-0.0139,1
0.2132,-0.5164,0.1496,2.7532,0.771,0.682,-0.0081,1
0.2222,0.1801,0.078,0.9438,0.9344,1.621,0.017,0
0.2901,0.3575,0.2395,0.5355,1.7829,1.747,0.1217,0
0.224,0.0148,0.1274,0.6033,1.095,1.4198,0.0403,0
0.1571,0.2435,0.0081,1.0571,1.6288,1.7689,0.1162,0
-0.1479,-0.1892,-0.209,1.9572,0.0728,0.2664,0.0208,1
0.0218,0.1089,0.0664,0.01,1.419,1.6755,-0.0236,0
0.1265,0.3267,0.2161,1.2078,1.3808,1.7084,0.0422,0
0.3037,0.1814,0.0974,0.829,1.7394,0.6766,0.0297,0
0.1453,0.2123,-0.0168,1.5959,0.938,0.6289,0.1211,1
0.1381,0.3635,-0.0148,1.1297,1.0784,1.9537,0.0476,0
0.294,0.1919,0.0341,1.5103,1.3546,1.9108,0.1217,0
0.2657,0.2397,0.1017,0.7075,1.8849,1.1802,0.0904,0
0.1417,-0.0335,-0.0948,4.3614,0.8347,1.3717,-0.0346,1
0.2218,0.4602,0.139,0.0485,1.8208,1.301,0.0408,0
-0.1014,-0.1743,-0.1608,1.5666,0.4668,1.6009,0.0349,1
-0.0412,0.48,0.0146,0.6667,1.2283,2.0943,-0.0199,0
0.1798,0.1685,0.2195,1.7169,1.0528,2.0786,0.0975,0
-0.2208,0.1078,-0.0276,3.3046,0.4784,0.2785,0.0254,1
-0.0353,-0.0384,-0.0592,2.823,0.697,1.1486,-0.0696,1
0.2331,0.1505,0.1023,0.6427,1.4517,0.6096,-0.0315,0
-0.1055,0.1215,0.0324,0.6718,1.1848,2.1989,-0.033,0
0.3432,0.14,0.2091,1.1876,1.6212,1.917,0.0476,0
0.1169,0.4365,0.1737,0.6326,0.6824,1.5166,0.03,0
0.0111,0.1793,-0.0185,1.1755,0.574,1.8142,-0.0439,0
0.0929,0.3587,0.1269,0.7207,1.0328,1.8462,-0.0182,0
0.1616,-0.1197,-0.0181,3.3499,0.87,1.2813,-0.017,1
0.2501,0.6722,0.0937,0.9967,1.1048,1.8906,0.083,0
0.0681,0.1317,-0.1021,3.6561,0.9238,1.2288,0.1117,1
0.0356,0.1271,0.0754,3.2817,0.7054,1.2036,-0.1018,1
0.1463,0.247,0.0936,1.4101,0.9693,1.4187,0.1118,0
0.0042,0.2076,-0.0236,4.3776,0.0141,1.2288,-0.033,1
-0.0047,0.0532,0.1027,2.3798,0.7389,0.5488,-0.1062,1
0.2138,0.1011,0.1012,0.0672,0.6924,1.9834,0.0408,0
-0.0367,-0.0605,-0.0818,2.1207,0.9847,1.3816,-0.0512,1
0.2785,-0.2617,-0.104,1.7807,0.1628,0.6897,-0.1007,1
0.1808,0.2012,0.0901,0.906,1.0027,1.2921,-0.0094,0
-0.1776,-0.2161,0.0389,4.5039,0.9184,0.4216,-0.0044,1
0.2077,0.2513,0.0057,1.4778,1.1557,2.0522,-0.0182,0
0.2966,0.3296,-0.0307,0.5353,1.1753,2.0397,-0.0712,0
0.1121,-0.1871,0.1314,0.1898,0.5931,0.3838,0.1007,0
0.1435,0.6082,0.1108,0.6635,1.0657,2.3486,0.1034,0
-0.0512,0.196,-0.0123,1.4665,1.2569,1.1156,-0.123,1
0.02,0.0674,0.1096,0.3536,1.6054,1.8174,-0.0384,0
-0.261,-0.2846,-0.1552,1.329,1.1161,0.5202,0.1706,1
0.0545,0.2309,0.0664,0.01,2.2212,2.3444,0.0412,0
0.1557,0.2503,0.1642,1.4359,1.3557,1.6059,0.0572,0
0.2014,0.1123,0.2039,0.4823,1.3835,2.078,0.0304,0
-0.1734,0.1242,-0.02,2.4888,0.7016,0.9621,0.026,1
-0.2463,-0.7039,-0.0016,4.6606,1.1717,0.9839,-0.0793,1
0.2592,0.1644,0.1511,0.1854,1.9808,1.8071,0.0302,0
-0.0485,-0.2963,0.0262,2.7389,0.6199,0.9279,-0.0708,1
0.2008,0.2962,0.0343,0.3596,2.1195,1.4324,0.1428,0
0.0157,0.2236,0.1997,0.8104,1.4923,1.1699,0.0292,0
0.1393,0.1698,0.1177,0.0514,1.9124,1.4673,0.0961,0
-0.155,-0.0572,-0.0312,2.2348,0.9843,1.203,-0.0824,1
-0.1879,-0.6061,-0.0486,3.8212,1.3875,0.4082,-0.0003,1
-0.1364,-0.155,-0.2502,0.6818,1.2101,1.558,-0.0599,1
0.322,0.1599,-0.012,1.3038,1.1261,2.1953,-0.0385,0
0.3038,0.307,0.0419,0.6448,1.1543,1.4451,0.1089,0
0.0398,0.5637,0.0987,0.771,1.6352,2.2812,0.1073,0
0.2608,0.1228,0.0746,0.5733,0.6817,1.635,0.0966,0
0.4388,0.07,0.1419,0.5951,1.7133,1.0648,-0.0031,0
0.3222,0.5108,0.1587,0.8427,1.0767,1.3848,0.0861,0
0.0791,-0.0444,0.121,0.0176,1.4381,1.6683,0.094,0
0.1909,0.4493,0.1188,0.4967,1.5824,1.5705,0.0253,0
0.1949,0.3046,0.1004,0.01,1.4642,2.9063,0.042,0
0.2327,0.2086,-0.0689,1.1565,0.8423,0.1926,-0.0141,1
0.1658,0.2703,0.1437,1.1188,1.5035,2.3978,-0.0159,0
0.1511,0.1324,0.2041,0.3716,1.1778,1.9022,-0.0001,0
-0.0199,0.2551,0.1368,0.9877,1.467,2.3811,0.033,0
-0.0336,0.0452,0.0281,2.7687,0.5629,1.0886,0.1106,1
-0.0549,-0.5135,-0.0289,0.9346,1.0009,1.0466,-0.1152,1
0.2257,0.5647,0.0917,1.0956,1.3572,2.7711,-0.0274,0
0.1809,0.2143,0.1046,0.5441,0.5581,2.8211,0.0678,0
0.2039,0.325,0.1283,0.838,1.6971,2.0411,-0.0019,0
0.2197,0.1379,0.0832,0.0986,1.3567,2.3561,0.0943,0
-0.074,0.0343,0.0013,1.5976,0.7043,0.5816,0.0461,1
0.1039,0.1183,0.106,1.0404,1.9987,1.5525,0.0351,0
0.2458,0.2396,0.0288,1.3289,1.1644,1.3322,0.0511,0
0.0267,0.2206,0.1181,0.8878,0.6625,1.3548,0.0568,0
0.2085,-0.0445,0.1276,1.3242,1.3676,2.6723,0.103,0
-0.3039,-0.1197,-0.1189,1.1757,0.854,1.4568,0.0335,1
0.1571,0.0794,0.0507,1.4513,1.4551,1.5247,0.0855,0
0.1228,0.2999,0.156,0.6886,1.8261,2.5263,0.0142,0
0.2317,0.1028,0.0157,0.8536,1.2725,2.1132,0.056,0
0.1261,0.142,0.0325,0.7794,0.8102,2.2734,0.0628,0
0.2657,0.3097,0.1237,0.5871,1.5802,1.6691,0.0878,0
0.0804,0.1711,0.0213,4.7522,0.5679,0.4021,-0.1823,1
-0.007,0.1917,0.1114,1.0246,1.1961,1.8172,-0.0644,0
-0.2155,-0.5306,0.0189,5.4916,0.7982,1.2354,-0.0335,1
0.1892,0.3214,0.2518,0.3032,0.9518,1.4226,0.0616,0
0.1429,0.0478,0.0571,1.0606,1.5287,1.884,0.0102,0
-0.0106,-0.0613,0.0651,2.3352,0.9171,0.8587,-0.0188,1
0.1195,0.3247,0.1322,1.1212,0.7223,2.3033,0.0315,0
0.1906,0.4396,0.0492,1.0717,1.4799,1.932,0.1236,0
0.2483,0.2328,0.134,0.4713,1.3804,2.1557,0.2156,0
-0.0697,-0.0846,-0.0425,1.72,0.8506,1.0768,-0.1272,1
0.121,0.1634,-0.0318,0.01,0.6177,1.4188,-0.0418,1
0.0955,0.0251,0.0945,0.7563,1.6193,2.2748,0.057,0
0.1102,0.5018,-0.0147,1.4556,1.3103,2.2298,0.064,0
0.2051,0.2209,0.0547,1.3244,2.0622,1.5582,0.0294,0
0.1303,0.3365,0.0095,0.8925,1.5811,2.6537,0.0215,0
0.1612,0.2345,0.0872,1.2852,1.5675,1.9103,-0.0035,0
-0.0626,-0.108,0.0702,1.3487,0.7737,0.2962,0.0886,0
0.0256,0.3239,0.15,0.4994,1.8664,0.9666,-0.0147,0
-0.1506,0.1785,-0.045,2.8464,0.8781,0.8463,0.0249,1
0.2337,0.1632,0.0954,0.7708,1.7306,1.267,0.0574,0
0.0963,0.2289,0.1185,0.5377,1.9409,2.012,0.062,0
-0.0274,-0.0316,0.1676,3.6405,0.6269,0.5406,-0.0006,1
-0.0574,0.035,-0.1323,2.9589,0.8499,1.097,-0.0169,1
-0.118,0.0393,0.0755,2.6061,1.2433,0.4433,-0.0555,1
0.0741,-0.0974,0.1254,2.1824,1.6161,1.1503,-0.1086,1
-0.1476,-0.1974,-0.0792,1.4632,0.8146,0.5676,-0.0184,1
0.0321,-0.1404,-0.0418,3.8185,1.0476,1.2254,0.0644,1
0.2257,-0.1447,-0.0549,2.4767,0.709,1.22,-0.1693,1
0.1778,0.4183,0.0888,1.1645,1.5405,1.9708,0.0464,0
-0.0727,-0.139,0.0934,3.2123,0.01,1.1624,-0.0244,1
0.1442,0.6457,0.1181,0.6068,0.5179,2.4949,-0.0073,0
0.268,0.0349,0.1198,0.393,1.2537,2.0521,0.0861,0
0.4297,0.2569,0.0615,2.2122,0.8724,1.8101,0.069,0
-0.0699,-0.2949,0.0907,2.3555,0.1482,1.239,-0.0828,1
0.1604,0.0937,0.1342,0.6343,1.1925,2.2266,0.0615,0
0.047,0.2216,0.1553,0.7362,2.0045,1.0744,0.0594,0
0.0447,0.0125,0.1248,0.693,1.5518,2.1452,0.0733,0
0.0419,-0.3107,-0.0824,4.7968,0.7428,0.987,0.0296,1
0.1542,0.1546,0.0661,1.7355,1.0596,3.0206,0.0819,0
0.3688,0.3335,0.0199,1.043,0.7811,2.3413,0.0364,0
0.154,0.118,0.1162,0.6921,0.9289,2.5349,0.0289,0
0.052,0.2784,0.1604,0.1725,1.4739,2.269,0.0606,0
0.294,0.4871,0.0391,0.3946,0.897,1.683,0.0833,0
0.2768,0.3991,0.1824,0.3738,1.5901,2.1162,0.0363,0
0.2591,0.2511,-0.0449,3.6659,0.9936,1.4475,-0.1172,1
0.1777,0.4418,0.165,0.2618,1.1305,2.2788,-0.0756,0
0.2594,0.2054,0.0852,1.2932,1.1152,1.0286,0.052,0
0.3389,0.0637,0.0325,0.2519,1.3729,2.0158,0.097,0
0.1202,0.3055,0.1351,0.7498,1.377,2.0053,0.0484,0
0.3193,0.3759,0.1524,0.3169,1.3682,1.6498,0.0097,0
0.33,0.2612,0.1615,2.121,1.6392,1.8247,0.0961,0
0.2493,0.4159,0.1517,0.9257,1.3075,1.5118,0.1336,0
-0.1262,-0.1296,-0.0653,4.243,0.898,1.0202,0.0098,1
0.1786,0.2406,0.1145,0.8423,1.7192,2.2618,0.0075,0
0.1159,0.3232,0.2083,0.7045,1.6879,1.1534,0.0122,0
0.2787,0.2386,0.0808,0.8759,1.0659,2.8448,-0.0204,0
0.2407,0.5585,0.0321,1.0368,1.0294,2.0778,0.0141,0
0.1877,0.1609,0.0901,0.8393,0.5485,2.0291,0.011,0
0.0562,-0.2125,0.0432,3.6671,0.9865,0.2719,-0.0982,1
0.1083,-0.0549,0.0207,0.8105,0.9476,1.7664,0.0063,0
0.1995,0.2352,0.1262,0.01,1.6728,1.8631,0.0489,0
0.0541,0.2174,0.0815,2.0134,1.5732,1.1112,0.0318,0
-0.1144,-0.2385,-0.1606,2.4003,0.3486,1.204,-0.0334,1
0.0845,-0.1537,-0.1091,0.01,0.5843,0.8155,-0.119,1
0.1289,-0.133,0.0899,0.637,1.5561,1.723,0.044,0
0.2501,0.3278,0.1297,0.8008,1.5659,2.6022,0.0457,0
0.1819,0.0743,0.2017,1.7486,1.4627,2.3118,0.0688,0
0.1717,0.2865,0.1571,1.0634,1.3237,1.7009,0.0855,0
0.2198,0.5214,0.0869,0.3762,1.1392,1.2552,0.0208,0
0.1979,0.4344,0.1362,0.3747,2.3941,1.9324,0.1238,0
0.0906,0.3697,-0.0124,1.1229,0.9604,2.4261,0.0681,0
0.0172,0.0285,0.1129,2.7358,1.0127,0.8641,0.0752,1
0.266,0.1919,0.0973,0.8127,0.6321,1.7931,0.0255,0
0.2335,-0.1454,0.1002,0.9639,1.7697,1.2931,0.0643,0
-0.004,0.4492,0.0697,0.4961,0.6938,2.6705,-0.0045,0
0.2454,0.3958,0.0992,0.5001,0.7765,2.2097,0.0812,0
0.2182,0.0532,0.0762,0.7793,0.9604,2.6983,0.0173,0
0.3619,0.4266,0.1082,0.01,1.2556,3.1515,0.0485,0
0.2346,-0.0757,0.0995,0.879,1.289,2.4456,0.0811,0
-0.0295,-0.1731,-0.0015,0.8834,0.5085,1.3802,-0.0926,1
0.3337,-0.2128,-0.0015,4.3505,1.4018,1.7246,0.0567,1
0.1082,0.2154,0.1708,0.8971,1.1875,2.0419,0.0049,0
0.1794,0.3503,0.0345,0.6065,1.6782,2.2246,0.0453,0
0.063,-0.0238,0.109,3.3078,0.7585,0.4103,-0.0567,1
0.137,0.0274,0.0875,1.4033,0.7891,1.2725,0.0663,0
0.0366,-0.1406,0.0171,1.7752,0.826,0.8377,0.0534,1
0.1081,-0.3755,-0.1138,3.118,0.9541,1.106,0.2682,1
0.1618,-0.0766,0.1107,1.5144,0.8103,1.507,0.0765,0
0.0115,0.2786,0.0978,0.8735,1.1911,3.3384,0.128,0
0.218,0.1666,0.0922,1.6345,1.023,2.6074,0.0439,0
0.2412,0.1032,0.0171,0.01,0.5106,1.541,0.045,0
0.1316,0.1051,0.0895,1.0458,1.3963,1.9535,0.1507,0
0.1015,-0.2376,0.2052,3.6781,0.7026,0.01,0.1433,1
0.0986,0.4751,0.1812,0.5667,1.1485,0.4909,-0.0141,0
0.0463,0.1882,0.1079,0.5727,1.3125,1.7543,0.056,0
0.2005,0.0065,0.2133,0.7179,1.679,1.382,0.0754,0
-0.1689,-0.1214,-0.1235,1.8356,0.4406,1.6859,-0.0372,1
0.0816,-0.1442,-0.0173,2.7501,0.1875,0.8011,-0.0946,1
0.2416,0.4056,0.0454,0.678,1.5179,2.1466,-0.0414,0
0.1895,0.0062,-0.0504,0.9487,1.4558,1.6576,0.0547,0
0.2993,0.4032,0.1551,0.5702,0.9681,1.4932,0.0698,0
0.1183,0.1663,0.034,1.0198,1.7116,2.0289,0.1437,0
0.0183,0.2156,0.0851,1.1133,1.4182,2.1117,0.0952,0
0.1243,-0.2855,0.0038,3.6702,0.9503,0.9758,0.0401,1
0.1079,0.667,0.0377,0.1231,1.6938,0.7614,0.0482,0
0.1604,0.409,0.0969,1.0515,1.2725,1.2851,0.0538,0
0.1226,0.2653,0.1929,0.1804,0.813,1.8824,0.0625,0
0.1108,0.1511,0.0656,1.0682,1.8136,1.5963,0.1054,0
0.1203,0.0257,0.0993,0.7136,1.2257,2.0212,0.0225,0
-0.126,-0.1942,0.0032,0.7623,0.3778,0.6126,-0.0571,1
0.1708,0.0877,0.0758,0.8423,1.7641,1.7082,-0.0005,0
-0.3087,-0.2125,-0.1213,2.8771,0.5276,0.3351,0.0773,1
0.2455,0.3716,0.0404,1.0101,1.0574,1.8488,-0.0032,0
0.0884,0.1252,0.096,0.4421,1.6728,2.5436,0.031,0
0.3192,0.2667,0.1791,0.1209,1.2227,1.6557,0.0543,0
0.3053,0.1828,0.0585,0.01,1.4414,2.821,0.0739,0
0.2611,0.0778,0.1491,1.569,0.951,1.3412,0.1109,0
0.4467,0.2646,0.167,0.916,1.5996,1.6289,0.0698,0
0.1978,0.3101,0.1079,0.7613,0.9219,2.5255,0.1504,0
0.1482,0.1328,0.0844,1.5993,1.7209,2.2311,-0.0108,0
-0.0175,-0.0909,-0.0852,5.0727,0.9902,0.0899,-0.0251,1
-0.0855,-0.1971,-0.0118,5.2776,0.2398,1.1745,-0.169,1
-0.1628,-0.1853,0.0948,2.6359,0.3685,1.2677,-0.0935,1
0.1407,0.0148,0.0105,0.2993,1.0311,1.3227,0.0859,0
0.0924,-0.397,-0.2754,3.6212,0.3899,0.8101,-0.1336,1
0.1728,0.0223,0.0786,1.2452,1.6301,2.0503,0.0625,0
-0.0839,-0.0865,-0.1625,1.8467,0.8333,0.4396,-0.0099,1
-0.0832,-0.1554,0.0107,3.4789,1.0581,0.6668,-0.0534,1
0.2136,0.2159,0.0506,0.4404,2.2199,1.8003,0.0991,0
0.2183,0.4187,-0.0046,1.0047,1.2893,1.8567,0.0829,0
0.1973,0.2866,0.0866,1.5449,0.7596,1.3858,0.0548,0
-0.0644,0.1299,-0.0903,2.458,1.3312,0.6492,0.105,1
0.1706,0.4489,0.0228,0.1014,1.1666,2.3192,-0.016,0
-0.1365,0.0671,-0.133,3.1358,1.2325,0.01,-0.1038,1
0.0746,-0.2712,-0.0128,1.9268,0.9437,1.0335,0.043,1
-0.1689,-0.1616,-0.2094,2.756,0.8004,0.5732,0.0127,1
0.0744,-0.5422,0.0036,3.425,0.3564,1.3575,-0.0129,1
0.134,0.1856,0.0219,0.5855,1.7859,2.45,0.108,0
0.1185,0.1215,0.0633,1.3593,1.4052,1.7104,0.0545,0
0.0797,0.2003,0.185,1.1866,1.3369,1.9541,0.03,0
0.103,0.0556,0.0726,0.8907,1.638,1.5213,0.0394,0
0.2204,0.4354,0.0357,1.1401,1.877,0.9107,0.076,0
0.2544,0.3132,0.116,0.6304,1.548,1.7381,0.0829,0
-0.0004,0.2997,0.1219,0.4599,0.8862,2.5379,0.0846,0
0.0293,0.0994,0.0291,1.298,1.1207,1.8621,0.041,0
-0.2331,-0.0582,-0.216,0.9062,0.8591,1.1954,-0.0263,1
0.1211,0.0126,0.149,0.1097,1.2255,1.6712,0.0565,0
0.1948,0.1178,0.0573,1.3934,1.9745,1.6809,0.0623,0
0.1407,0.0443,-0.1329,1.8706,0.9468,0.4111,0.017,1
0.069,-0.4497,0.1104,0.505,1.1098,1.3507,-0.1273,1
0.214,0.3356,0.1581,0.6343,1.1551,1.2574,0.0187,0
0.0522,0.1157,0.0198,1.4683,2.0195,1.9601,0.1211,0
0.1156,-0.1609,0.1712,1.5702,1.1787,1.673,0.0223,0
0.0624,0.1157,0.1358,0.3258,1.5853,1.1164,0.1024,0
-0.015,0.1974,-0.0331,1.4849,0.9656,2.4277,0.1073,0
0.0567,0.3328,0.1375,0.4516,1.6328,1.9302,0.0331,0
0.2267,0.4519,0.1313,0.751,2.309,2.2445,0.0887,0
0.1869,-0.2046,-0.062,2.1619,0.3967,0.5325,-0.1203,1
0.1578,0.0339,0.1575,1.3638,0.6211,2.2892,0.0195,0
-0.4555,0.0356,-0.0854,0.3032,0.9534,1.4495,-0.051,1
0.1072,0.306,0.1187,1.3964,0.8969,2.1657,0.0895,0
-0.2294,0.0625,0.1156,2.4136,1.1011,1.0447,-0.0916,1
-0.2558,-0.4227,0.1271,2.2488,0.5993,1.316,-0.0884,1
0.2645,0.2492,0.1707,0.1133,1.608,2.7344,0.081,0
-0.2012,-0.4742,-0.0552,2.5221,1.3029,1.0308,-0.0575,1
0.2251,0.2624,0.1022,0.01,1.6981,1.8671,0.0814,0
0.2032,0.4219,0.0534,1.5794,0.7878,2.6148,0.0414,0
0.1816,0.535,0.1614,1.6218,1.5565,2.3838,0.0238,0
-0.1884,0.2231,-0.0522,3.9606,1.2564,1.2993,-0.0745,1
0.0711,-0.2947,0.0276,3.1066,1.1181,2.0039,-0.0086,1
0.0129,-0.2775,-0.0637,3.3669,0.6882,1.5908,-0.072,1
0.2198,0.2413,0.0559,0.707,0.7602,2.9385,-0.0017,0
0.1545,0.2312,0.1197,0.8429,0.5123,1.6851,0.0174,0
0.1197,0.3148,0.1282,0.4462,1.1151,1.7447,0.0152,0
-0.0371,-0.3144,-0.3121,3.0239,1.0712,0.01,-0.1208,1
0.2057,0.1983,0.055,0.9689,1.182,2.7084,-0.0035,0
0.2165,0.2441,0.0607,0.01,1.5494,2.5277,0.0304,0
0.1456,0.1938,0.0412,0.01,1.1327,1.8967,-0.0074,0
0.1739,0.325,0.068,1.4104,1.0493,2.656,-0.0274,0
0.2029,-0.0287,0.1362,0.9491,1.6555,2.3291,0.0784,0
0.1383,0.2057,0.1585,1.2592,0.9017,1.8275,0.0245,0
0.297,0.2701,0.1048,1.077,1.0553,1.815,-0.0476,0
0.1431,0.0131,0.0509,0.9956,1.6327,1.7919,0.1178,0
0.2058,0.0637,0.1201,0.7224,0.6369,1.3698,0.0393,0
-0.3145,-0.0352,-0.0585,1.6877,0.9835,1.3124,0.0345,1
0.0145,0.1061,0.0039,2.1891,0.7411,0.8714,-0.043,1
0.0915,0.2772,0.1782,1.0931,1.235,1.9286,0.048,0
0.3001,0.2711,-0.018,0.2414,1.3257,1.955,0.0572,0
0.0117,0.0964,0.0832,0.3177,1.6024,1.4359,0.1683,0
0.0851,0.5121,0.1559,0.6817,1.8542,1.2469,0.0188,0
0.045,0.5152,0.1192,0.0965,1.2233,1.8554,0.1452,0
0.1131,0.1033,0.2079,1.0765,1.0254,2.3531,0.07,0
0.1807,0.151,0.1419,1.0105,1.5968,1.537,-0.0477,0
0.0649,-0.1759,0.0514,1.2784,1.6068,1.6892,0.0589,0
0.1283,0.0965,0.1168,0.01,0.6996,1.7113,0.0641,0
0.3091,0.1904,0.0339,0.9738,1.4347,1.9778,0.0696,0
0.115,0.2626,0.1008,1.0399,1.2925,0.8818,0.0384,0
0.0364,0.0526,0.1169,0.01,1.8051,1.7209,0.2222,0
0.2097,0.0716,0.1632,1.086,1.1181,1.0312,0.0528,0
0.2235,0.286,0.1752,1.195,1.7878,1.9634,-0.0095,0
0.2752,0.0968,0.1284,0.6662,1.7387,0.7364,0.055,0
0.2408,0.0524,0.1466,0.2989,1.099,1.0666,0.0349,0
0.0429,0.3115,-0.0179,1.6264,0.7451,1.45,-0.0917,1
0.2669,0.3831,0.0542,0.819,1.6733,1.6953,0.1136,0
0.2689,0.0817,0.054,0.834,1.8115,2.0508,0.0724,0
-0.0163,0.0865,-0.1618,0.387,0.3423,1.405,-0.0841,1
-0.0118,-0.0325,-0.0612,1.9149,0.6702,1.0578,-0.0737,1
-0.2339,-0.3929,0.0024,3.7565,1.3052,0.7164,0.0463,1
0.2541,0.173,0.0863,0.3028,0.3751,1.7045,0.1806,0
0.0899,0.1054,0.1648,1.2714,1.5949,2.336,0.016,0
0.174,0.1597,0.062,0.3747,1.1836,2.1778,0.0489,0
0.2679,0.0884,0.1826,0.9566,1.6748,2.5333,0.0044,0
0.1717,0.0326,0.0447,0.298,1.4829,1.8347,0.0239,0
0.0414,0.3258,0.1893,1.9357,1.2382,2.0457,0.0885,0
0.1916,0.3084,-0.0332,0.201,1.7548,1.9434,0.0526,0
0.2322,-0.3896,-0.2399,3.028,0.6494,0.4915,0.0167,1
0.2105,0.3381,0.1849,1.0237,1.1995,1.5757,0.0719,0
0.1985,0.5535,0.1004,0.705,1.257,1.7098,0.1286,0
0.0583,0.0818,0.1426,0.8097,1.3446,1.5881,0.0447,0
0.2149,0.2312,0.1508,0.7424,1.246,2.0705,0.1038,0
0.0245,-0.1277,0.0448,4.3276,0.7298,0.8063,0.0863,1
0.2682,0.1822,0.0718,0.9329,1.2253,1.7669,0.165,0
0.1883,0.1408,0.2049,1.32,1.1041,1.1327,0.0407,0
0.2281,0.2196,0.0683,1.318,0.8308,1.3149,0.0401,0
0.0905,0.4094,0.2403,0.3696,1.6137,1.4366,0.112,0
0.1178,0.3374,0.1298,1.3349,0.9201,0.6419,0.1029,0
0.3596,0.3559,0.0854,0.2868,1.892,1.3176,0.1414,0
0.2751,0.195,-0.0022,0.3378,2.0252,1.663,0.0478,0
-0.0427,-0.0919,-0.0902,1.7045,0.3792,1.5998,-0.1395,1
0.2192,-0.2035,0.0024,2.4803,1.1565,1.9108,-0.0825,1
0.0669,0.3434,0.1378,0.3978,1.7581,1.4842,0.0727,0
0.2797,0.18,0.1384,0.7047,1.5296,1.2262,0.0643,0
0.1428,0.1407,0.1192,1.6268,1.456,2.2981,-0.0095,0
0.1792,0.1918,0.1784,0.5542,0.8349,1.5416,0.091,0
-0.3039,0.2059,-0.0358,1.9877,0.4964,0.2381,0.0259,1
0.133,0.2738,0.1694,0.4958,0.9969,1.9269,-0.0297,0
-0.1856,-0.2471,0.1036,3.8096,0.9827,0.4631,-0.0653,1
-0.0752,-0.1944,-0.2179,3.3975,0.4782,0.9957,0.1259,1
0.194,0.261,0.1581,1.2836,1.5976,1.6188,0.0971,0
-0.0195,-0.2513,-0.1622,1.7241,0.4755,1.5749,0.0305,1
-0.1263,-0.1051,-0.1969,1.6663,0.6772,0.6904,-0.0278,1
-0.022,-0.1893,-0.0006,3.7884,0.492,0.9532,-0.096,1
0.2176,0.1147,0.0478,1.3627,0.9242,2.6213,0.015,0
-0.0021,0.2905,-0.0147,0.7657,0.8527,2.7936,0.1056,0
0.2994,0.1028,0.0721,1.031,1.7134,1.6742,0.0301,0
0.1074,-0.207,0.1117,2.7371,1.4226,0.6243,0.0989,1
0.1191,0.1707,0.0366,1.4115,1.2965,1.9763,0.0315,0
0.255,0.2919,0.0429,0.9593,1.0033,1.4836,0.0695,0
-0.2105,-0.4051,-0.0892,2.4453,0.873,0.8035,-0.0118,1
0.2642,0.1946,-0.0744,0.6126,0.9846,0.9844,-0.0019,0
0.1892,-0.2694,-0.1191,0.01,0.6083,0.3708,0.0914,1
-0.1826,-0.0693,-0.0142,1.1284,0.9073,1.1243,0.0466,1
0.1276,0.1354,0.1526,0.4453,1.6578,1.6088,-0.0388,0
-0.3203,0.0083,0.0559,1.8082,0.0227,0.6815,-0.0087,1
0.2426,0.3828,0.0645,0.8618,2.1817,1.5471,0.0071,0
0.3168,0.2689,0.1511,1.4119,1.5352,1.5039,0.1088,0
-0.2856,-0.2979,0.0741,1.321,0.7326,1.12,-0.1175,1
0.2343,0.2505,0.1738,1.2913,0.84,2.0936,0.0497,0
0.0679,-0.0149,-0.1167,2.4427,0.7989,0.4367,0.0803,1
-0.1539,-0.2437,0.0695,2.1461,1.1743,0.6306,-0.0177,1
-0.0673,-0.1602,-0.1679,1.6362,0.6618,1.3228,-0.0125,1
0.2304,0.2936,0.0696,0.543,0.9204,2.6924,0.0607,0
0.1516,0.4886,0.1407,0.7315,1.1922,1.6295,0.0814,0
-0.0575,-0.1478,-0.1108,1.8079,1.0266,1.1004,-0.1182,1
0.1541,0.2218,0.1671,1.4372,1.3313,2.3492,0.0779,0
0.0054,0.2997,0.0372,1.6555,1.6096,1.6001,0.0227,0
-0.1999,-0.201,0.0641,3.1561,0.7283,0.7533,-0.0713,1
-0.0203,-0.2303,-0.0684,2.1156,0.9272,1.1091,-0.0859,1
0.1435,-0.0007,0.2222,1.0345,1.2032,2.464,0.0114,0
0.2594,-0.3135,-0.0176,4.1947,0.7761,1.0809,-0.125,1
-0.0541,0.2545,0.1461,1.9515,0.6193,1.0875,-0.1199,1
0.0531,0.2248,0.1359,0.1961,1.7236,1.3751,0.0359,0
0.2981,0.1559,0.1027,0.8256,1.1993,1.1138,0.0761,0
0.1293,-0.4046,-0.0759,2.9527,1.2697,0.8737,-0.0844,1
0.1018,0.378,0.1148,0.7952,1.7516,2.0403,0.1323,0
0.123,0.0731,0.102,0.2048,1.7704,1.7545,0.0511,0
-0.0648,0.0838,-0.049,2.8209,0.8965,0.6328,0.0394,1
0.0382,-0.0438,-0.0823,2.2503,0.6521,0.6643,0.028,1
0.0555,0.2849,0.0635,0.2928,0.864,2.0161,0.0259,0
0.024,-0.063,-0.1058,3.3404,0.6273,0.9488,0.1648,1
0.1557,-0.0335,0.0727,0.2801,1.1569,1.7313,0.1079,0
-0.248,0.2663,0.0979,1.937,0.2861,1.4415,-0.0492,1
0.15,0.5356,0.1976,1.9094,1.3364,1.9478,-0.0158,0
0.0936,0.4419,0.1625,1.0918,1.3482,2.0899,0.0247,0
0.2079,0.2187,0.0812,1.2289,1.6214,1.6713,0.1141,0
-0.0152,0.0527,0.1786,0.6616,1.1313,1.1729,0.0322,0
-0.0868,-0.2507,-0.109,1.521,0.7769,1.0365,-0.0179,1
0.2446,0.2176,0.0476,1.2407,1.6885,1.3419,0.1278,0
0.104,-0.0157,0.1283,0.01,0.9086,0.7622,0.0557,0
0.4108,0.2228,0.0936,1.2978,2.0813,0.981,-0.0293,0
0.1204,0.3851,0.202,0.5991,1.6725,1.2232,0.0977,0
0.1931,0.2288,0.0715,0.3869,1.1252,1.1247,0.0562,0
0.0914,0.2001,0.1422,2.0492,1.3088,1.0965,0.0801,0
0.1264,-0.0061,0.033,1.4179,1.3376,1.5259,0.068,0
-0.0933,-0.0355,-0.1027,3.1232,1.2598,0.8565,-0.0079,1
0.1764,0.1703,0.0059,0.9734,2.4046,0.88,0.0584,0
0.1621,0.3094,0.1416,1.1673,1.0057,1.6579,0.1197,0
-0.01,0.2308,0.017,1.2509,1.7137,1.351,0.0217,0
0.2049,0.201,0.1075,1.5577,1.5527,1.6133,0.035,0
0.0954,-0.0146,-0.0846,4.6304,0.4419,1.2677,0.04,1
-0.0105,0.1849,0.2033,0.4165,1.1585,1.576,-0.0007,0
0.3329,0.2378,0.0395,0.01,0.8112,1.1131,0.1289,0
-0.052,0.3674,0.0985,1.4012,0.9619,0.2116,0.074,0
0.1203,-0.0012,0.0935,0.8172,1.4642,2.4811,0.0482,0
0.0966,0.3646,0.0074,0.4836,1.6386,1.4829,0.0482,0
0.1389,0.2366,0.0977,0.01,1.998,1.8207,0.0822,0
-0.1986,-0.2133,-0.01,1.8958,0.3348,0.9274,-0.125,1
0.0526,0.4073,0.1293,0.4329,1.3434,2.5992,0.0967,0
0.2991,0.2819,0.1616,1.353,1.1744,1.3919,0.0639,0
0.2306,0.4671,0.1341,0.2752,1.945,2.6203,0.2176,0
0.1142,0.318,0.0411,0.8295,1.5787,1.6287,0.0685,0
0.1565,0.2557,0.0131,0.6502,1.3799,3.1104,0.0044,0
-0.1123,0.0266,0.2071,2.7182,0.8745,0.7163,-0.108,1
0.0529,0.1117,-0.1959,1.0801,0.1882,0.7922,0.0174,1
0.265,0.3127,0.1064,0.9937,1.5293,2.4419,0.1247,0
-0.0661,-0.0105,-0.1771,1.1479,0.4418,0.9572,0.0986,1
0.1105,-0.1053,-0.1082,2.3043,0.5765,0.6299,-0.0516,1
0.1975,0.6978,0.122,0.6432,1.7687,2.0413,0.081,0
0.0461,0.3539,0.0636,1.6597,2.197,1.4167,0.0325,0
0.4082,0.1574,0.0079,0.01,1.6851,0.8584,0.0414,0
0.0066,-0.1059,0.0926,2.4383,0.2681,1.4048,-0.1125,1
-0.1713,-0.2004,0.0715,2.8945,0.6411,1.1053,-0.0322,1
0.132,-0.0717,0.2119,2.972,0.8576,0.7764,-0.0293,1
0.3264,0.3995,0.1168,1.6793,1.5488,1.9946,0.0573,0
0.1646,0.2257,0.1263,0.358,1.453,1.6093,-0.006,0
0.0202,0.1555,0.1439,0.7015,1.2142,1.8222,-0.0273,0
-0.1621,-0.5848,0.0684,3.3842,0.7156,0.9268,0.0013,1
0.0433,0.3389,-0.0623,0.4851,1.2047,2.1167,0.0611,0
0.1711,0.1819,0.1534,0.4964,1.3199,2.4996,0.137,0
0.1501,0.3713,0.0649,0.4253,1.3114,1.2115,0.151,0
0.0007,0.1926,0.0926,0.6012,0.9264,1.6001,0.0735,0
0.1354,0.267,0.0782,0.01,1.2447,1.6472,0.0917,0
-0.043,0.284,0.0663,0.5235,1.6783,2.3867,0.0464,0
-0.0632,0.4159,-0.1004,4.4669,1.3033,0.6786,0.0055,1
0.3955,0.2027,0.0435,0.923,1.0791,2.541,0.0458,0
0.2393,0.3114,0.1214,0.8406,1.3848,2.9942,0.1192,0
0.0768,0.3393,0.0646,0.7339,1.4289,1.0499,0.0211,0
0.0535,0.3221,0.0476,0.6965,0.9876,2.2112,0.0182,0
0.3373,0.1801,0.0909,0.763,1.2193,1.8975,0.0221,0
0.1564,-0.13,-0.0074,2.2923,0.8047,0.4615,-0.1552,1
-0.2081,-0.3136,0.075,4.5527,0.7687,0.8325,-0.0344,1
0.1459,0.325,0.0186,0.9116,1.6208,2.1401,-0.0368,0
0.1651,0.0354,0.0714,0.6506,1.2567,1.5239,0.0051,0
0.1101,0.0944,0.1399,0.4019,1.02,1.0782,0.0359,0
0.0939,0.4605,0.1419,0.5785,1.2082,1.9483,0.0832,0
-0.0948,0.175,0.0684,1.4942,1.246,1.9915,0.0671,0
-0.0351,0.0503,-0.1869,3.152,0.6012,1.1282,-0.1011,1
-0.0188,-0.0457,-0.1477,1.2027,1.1159,0.8842,0.0145,1
0.4149,0.1426,0.075,0.7684,1.5583,1.9318,0.1242,0
0.1577,0.0933,0.207,1.6407,1.0465,1.8736,0.026,0
0.3031,0.5028,0.1338,0.3601,2.1948,1.5345,0.0432,0
-0.131,-0.2557,-0.0004,1.326,0.9225,0.219,0.0423,1
-0.0458,-0.094,0.0738,1.8807,0.8288,0.7151,-0.0748,1
0.3096,0.1422,0.1447,0.7027,1.3743,1.8459,0.0726,0
0.1873,0.261,0.091,1.3959,1.3665,1.2402,0.0403,0
0.2237,0.2778,0.1255,0.9111,1.9115,1.3238,0.0262,0
0.2481,0.3113,0.0815,0.3807,1.0453,2.0674,0.1214,0
-0.0869,-0.1545,-0.2897,2.4348,0.7307,1.1785,0.1079,1
0.3351,0.3823,0.0543,0.647,1.4582,1.4481,0.1446,0
0.1518,0.2186,-0.0711,1.3125,0.7623,0.9223,0.0475,1
0.2484,0.0451,0.1727,0.9306,1.2523,1.8717,-0.0288,0
0.0712,0.6341,0.2051,0.7842,1.5029,1.4846,0.0816,0
0.1339,-0.0879,0.1202,0.6636,1.7881,1.2508,0.029,0
0.226,0.4811,0.1753,0.4572,1.7281,1.3245,0.0948,0
0.0621,0.4653,0.0792,1.5266,1.3687,0.8791,0.1046,0
0.2928,0.2629,0.0552,1.2951,1.3131,2.0633,0.0361,0
0.0833,0.2398,0.1218,1.8466,0.7952,2.3797,0.1087,0
-0.0203,-0.1289,-0.0774,1.8438,0.7902,0.6826,-0.097,1
-0.0949,-0.0816,-0.2188,2.2364,0.9071,1.4912,-0.0815,1
0.1623,0.0177,0.0705,0.6576,1.2975,1.6793,0.0569,0
0.0972,-0.0528,0.1087,1.1966,1.3512,1.5711,0.052,0
-0.134,0.0495,0.041,2.4749,0.8352,1.4111,-0.0873,1
0.0036,-0.2386,0.07,2.8688,1.0439,1.1519,-0.1063,1
0.205,0.5494,0.2866,1.1034,1.3267,2.0673,0.1044,0
0.078,0.0518,0.0081,2.625,0.7812,0.5984,-0.0625,1
0.3186,0.2047,-0.0562,0.6193,1.3743,1.2947,0.0342,0
0.3669,0.2552,0.0519,0.2264,1.836,1.5144,0.0622,0
0.1457,0.2918,0.0694,0.3768,1.166,1.5606,0.078,0
0.0304,0.1123,0.1794,0.7154,1.4318,2.1794,0.0948,0
-0.1284,0.1098,-0.0904,0.8098,0.333,1.1424,-0.1424,1
0.2532,0.2933,0.0007,0.32,1.3509,1.8467,0.0035,0
-0.0449,-0.254,0.0034,0.6329,0.8993,1.2334,-0.1995,1
0.2251,-0.0305,0.0303,0.6584,1.2797,1.1953,0.0794,0
0.1069,0.3637,0.1411,1.7243,1.3298,2.1343,0.0649,0
0.2545,0.264,0.0902,0.3644,1.4289,2.1691,0.0028,0
0.2137,0.2105,0.0906,0.1949,2.0366,2.2384,0.1082,0
0.053,0.3503,0.1403,0.9921,1.0022,1.9248,0.0008,0
0.1943,-0.1758,-0.0404,1.802,0.4956,0.6403,-0.1379,1
0.262,0.245,0.1273,0.5418,1.3214,1.6971,0.0227,0
0.1865,0.386,0.1043,1.8289,0.8246,1.5424,0.0537,0
0.2207,0.2241,0.1383,0.7682,0.8196,1.8378,0.1124,0
0.2368,0.413,0.12,0.01,1.2003,2.3986,0.0196,0
-0.029,0.2245,0.0841,0.6001,1.3541,1.9321,0.0525,0
0.1498,0.2006,0.1439,0.9675,1.5265,2.0346,-0.0168,0
0.1562,0.32,0.1312,0.2602,1.7988,2.3637,0.0035,0
0.1061,0.0059,0.2214,1.4263,1.0884,1.9362,0.0809,0
-0.0468,0.2802,-0.0261,1.6499,0.3459,0.1787,-0.1667,1
0.0825,0.4455,0.1399,0.5235,1.8007,1.5512,0.0209,0
0.2897,0.1782,0.0482,1.1467,1.2432,2.33,0.0909,0
0.0106,0.2772,-0.0025,2.8091,0.7777,0.1325,-0.0421,1
0.1296,0.2378,0.1209,0.5564,1.1297,1.8171,0.0056,0
0.1671,0.1223,0.0545,0.3106,1.291,2.4169,0.0197,0
-0.084,-0.0265,0.0714,1.5362,1.2478,0.7916,-0.0417,1
0.0061,0.1455,-0.141,4.5071,0.9257,0.618,-0.0445,1
0.1756,0.1407,0.0887,0.8901,1.0741,1.0619,0.1503,0
-0.006,-0.2429,0.1666,3.0686,0.4426,1.1626,-0.118,1
0.1307,0.4665,0.0246,1.2066,1.2884,1.6601,0.0995,0
0.1234,0.1793,0.1431,0.7211,1.1433,2.6327,0.0172,0
0.0293,-0.0448,0.0648,0.01,1.2301,2.0512,0.0155,0
0.0836,0.1064,0.1206,0.7757,1.4131,1.4208,0.0485,0
-0.1032,0.1823,0.1331,1.4001,1.2147,1.5943,0.1177,0
0.2391,0.1414,0.0883,0.574,1.0843,1.7965,0.0492,0
0.168,0.0845,0.1492,0.8922,1.232,0.8477,0.1322,0
0.1109,-0.173,-0.1039,1.2462,0.2101,1.7225,-0.1283,1
0.1132,0.2408,0.0365,0.01,1.4802,2.1045,0.0731,0
0.119,-0.1538,-0.1307,5.588,0.8178,0.9056,-0.0419,1
0.3125,0.039,0.1352,0.4316,0.8339,1.9093,0.1105,0
0.0365,-0.0377,0.2879,3.8435,0.7616,0.5178,-0.1685,1
0.2204,0.3574,0.1136,0.638,1.6366,2.1401,0.0754,0
-0.1462,-0.0136,0.06,3.4051,1.1567,1.1833,-0.0119,1
0.3471,0.1148,0.1303,0.7566,1.903,2.003,0.0483,0
0.0837,0.219,0.1366,0.8785,1.1654,1.9121,0.0957,0
0.0216,-0.0846,-0.1483,3.6955,0.6519,0.2774,-0.0742,1
-0.3207,-0.4255,-0.0152,2.8117,0.5287,1.1554,-0.1729,1
0.1319,0.6309,0.0976,0.0979,1.3463,2.0597,0.1437,0
0.2291,0.1963,0.0916,1.1698,0.6363,2.4592,0.0636,0
-0.2098,-0.161,-0.081,2.2756,0.817,1.1119,-0.0456,1
0.1898,0.0122,-0.0495,3.3363,0.6999,1.3692,-0.0104,1
-0.0208,-0.1706,0.0138,2.1455,0.8505,1.427,-0.1205,1
0.3847,0.1488,0.0758,1.7958,1.0672,1.5249,0.0526,0
0.1098,-0.2035,0.1209,5.2587,0.6911,0.7218,0.0763,1
0.1858,0.3869,0.1253,0.7702,0.7193,1.3951,0.0694,0
0.1871,0.056,0.0583,0.3409,1.8958,1.6019,0.1134,0
0.0497,0.3178,0.0786,0.8146,1.6792,1.1837,0.0258,0
0.2138,0.3837,0.1003,1.1094,2.0553,1.9907,0.0756,0
-0.1234,0.1088,0.0482,4.716,0.9752,0.7563,0.0073,1
0.167,-0.0607,0.0832,0.7173,0.8801,1.2559,-0.0334,1
0.2249,0.5629,0.0391,0.6193,1.5666,1.773,0.0109,0
0.4349,0.3297,0.1089,1.3908,2.3375,2.2354,0.1074,0
0.1357,-0.4189,-0.0799,2.5063,0.8141,0.72,0.0098,1
0.3018,0.5803,0.0786,0.8548,1.2334,1.801,0.1366,0
0.2239,0.4402,0.0985,0.0889,1.737,2.1775,-0.0371,0
0.3024,0.4145,0.0625,0.1404,1.3188,1.4,0.0568,0
-0.1343,-0.1418,-0.1883,1.533,1.0895,1.5462,-0.1387,1
-0.1727,0.3185,-0.1206,1.043,1.1474,1.2167,0.0099,1
0.249,0.1746,0.1158,0.9471,1.3062,1.4081,0.0255,0
-0.0738,-0.1055,-0.1133,1.9681,0.5346,0.8308,0.0969,1
0.2874,0.1554,0.0821,1.1845,1.189,1.7974,0.0799,0
0.0572,0.1613,0.1215,0.2017,0.8026,0.738,0.096,0
0.2318,0.1706,0.0478,0.7946,1.4549,3.2591,0.0508,0
-0.3323,-0.2097,-0.0107,2.6918,0.4917,1.4063,-0.1093,1
0.2656,0.4974,0.1642,0.4352,1.5446,1.1534,0.0886,0
-0.137,0.2816,0.0707,1.5963,1.4077,1.2055,0.0575,0
0.2515,0.3577,0.1263,0.8098,1.6691,2.0959,0.0423,0
0.0876,0.3835,0.1621,0.01,1.0282,1.0517,0.0275,0
0.2097,0.5001,-0.0274,1.0068,2.2542,1.941,0.1425,0
-0.0558,-0.1345,0.0684,3.2828,0.3271,1.4906,0.0704,1
0.0488,0.302,-0.0377,1.542,0.3862,0.6076,-0.0427,1
0.1965,0.0427,0.071,1.2209,0.9795,0.5341,0.0486,0
-0.0034,0.1951,0.0658,2.3081,0.7943,0.499,-0.0415,1
0.4164,0.1321,0.0171,0.9519,1.6886,1.6846,0.1327,0
0.3121,0.2662,0.0456,1.279,1.6654,1.287,0.0791,0
-0.2002,-0.1562,0.1598,3.269,0.6286,1.129,0.0719,1
0.3219,-0.1232,0.1766,0.969,0.9172,1.2623,0.1438,0
0.0873,0.2453,0.0491,1.0866,0.6857,1.6202,0.0751,0
0.2446,-0.1057,0.2225,0.9476,1.0894,1.8786,0.0688,0
0.1906,0.3377,0.2186,0.0179,2.0469,1.8522,0.0151,0
0.021,-0.2839,0.135,1.5601,0.7034,1.2254,-0.1385,1
0.0321,0.1769,0.0138,1.147,1.6866,0.9349,0.1267,0
0.3092,0.1376,0.1789,0.9052,1.3358,3.0505,0.0072,0
0.281,0.2433,0.1827,0.4642,1.3781,1.3388,0.0604,0
0.1261,0.1678,0.15,0.2476,1.4882,2.409,0.0343,0
0.1778,0.2983,0.0993,0.3935,1.7293,1.9129,0.0609,0
0.2741,0.2788,0.2169,1.3126,1.1384,1.8137,0.0576,0
0.1949,-0.386,-0.064,2.6569,1.2324,0.3257,0.0531,1
-0.0695,-0.0912,-0.0347,3.6567,1.4632,0.677,-0.1496,1
-0.0636,-0.0336,-0.001,3.3513,0.6694,1.1052,-0.0608,1
0.4898,0.2113,0.1306,0.4753,1.5181,1.6809,0.0395,0
0.1836,0.3478,0.0021,1.0401,0.978,2.2114,0.0119,0
0.1024,0.2618,0.0615,1.1295,1.8108,2.0998,0.1409,0
0.1479,0.0122,0.1684,0.3815,1.3765,2.0233,0.07,0
0.1751,0.07,-0.0549,2.0809,0.7035,1.7307,-0.0094,1
0.0906,-0.4215,-0.0963,1.577,0.518,1.2318,-0.0555,1
0.1845,0.3338,0.2114,0.5591,1.5298,0.8981,-0.0596,0
0.0677,0.2864,-0.0249,1.0766,1.1807,2.7617,0.0213,0
0.129,0.2724,0.1462,1.9909,1.7309,2.3799,0.0347,0
0.0628,0.0582,-0.1109,4.1834,0.3794,1.1347,0.1352,1
0.1163,0.0641,0.0307,3.78,1.1508,1.4529,0.0119,1
0.0548,0.3045,0.1532,0.5896,0.3583,1.8995,0.0818,0
-0.2686,-0.1618,-0.0952,2.883,1.2021,0.1499,-0.0308,1
0.311,0.2176,0.1562,1.6175,1.9247,1.2539,0.0473,0
0.1294,0.2231,0.1537,0.4168,1.2942,1.9829,-0.0371,0
0.1796,0.1438,-0.0413,4.2889,0.8446,0.7652,-0.0891,1
-0.0964,-0.0556,-0.0679,4.0069,0.5316,0.8253,-0.0752,1
0.2295,0.3075,0.0754,1.303,0.949,2.364,0.0677,0
0.121,0.3548,0.1015,0.0284,1.4657,2.8981,0.0846,0
0.0337,-0.0848,0.0339,1.3952,0.8508,0.3345,-0.0489,1
0.2438,0.2007,0.1362,0.5279,1.3349,1.8205,0.0099,0
0.1988,0.1515,0.0844,0.045,1.3118,1.7031,0.087,0
0.2365,0.4954,0.0867,0.8347,1.477,2.9961,-0.045,0
0.2847,0.1997,0.0195,1.1718,1.318,1.8157,0.1404,0
0.0536,0.3229,-0.017,0.01,1.6957,2.0535,0.0571,0
0.0074,0.2534,0.2016,0.8757,1.2829,1.4909,0.1049,0
0.2695,0.0441,0.1211,0.01,1.4188,2.7489,0.0126,0
0.1167,0.2355,0.1607,2.5645,0.9022,2.0249,0.0246,0
-0.0468,0.0364,-0.051,2.889,0.761,0.9388,0.0076,1
0.2483,0.4585,0.2072,0.6768,0.4794,1.3896,0.0387,0
0.002,0.0996,-0.3096,5.006,0.7581,1.3433,-0.1232,1
0.2403,0.1832,0.2232,0.3937,2.2421,1.8174,-0.0088,0
0.0329,-0.0552,0.1164,2.6503,0.6712,0.9489,0.0035,1
-0.041,0.3926,-0.0392,2.8619,0.7896,0.4325,0.0514,1
0.1162,0.1277,0.036,1.8624,1.9325,2.7602,-0.0011,0
-0.1738,-0.1643,0.0213,1.8235,0.5533,0.9975,-0.0204,1
0.3372,0.2077,0.1738,0.3255,1.0372,0.6248,0.1436,0
0.1512,0.2868,0.0838,0.0283,2.0377,1.8518,0.1316,0
0.1009,0.133,0.1649,0.1252,1.2339,1.817,0.0656,0
0.108,0.1114,0.0248,0.6925,1.5543,2.1513,0.072,0
0.0647,-0.0031,-0.0076,0.1223,1.1164,2.7766,0.0337,0
-0.2569,-0.2253,0.0662,3.6438,0.9539,1.19,0.0013,1
0.0768,0.184,0.1773,0.8073,0.9055,2.4272,0.0966,0
0.2756,0.1774,0.0972,0.7917,1.6733,2.0954,0.049,0
-0.0553,-0.423,0.0965,1.6185,0.5569,0.9802,0.0519,1
-0.2106,-0.0035,-0.0423,3.3568,0.942,0.8709,-0.1077,1
0.1147,0.1675,0.0811,0.934,1.6861,1.7744,0.0608,0
0.1404,0.2976,0.08,0.7533,1.1883,1.0428,0.0761,0
0.3336,0.2333,0.1179,1.2166,1.1479,2.2321,-0.0754,0
0.2821,0.5633,0.0048,0.01,2.1484,1.9948,0.0166,0
-0.1699,-0.1965,-0.1153,2.6472,1.2874,1.0292,-0.0602,1
0.0662,-0.2854,-0.026,0.01,0.4927,0.799,-0.1398,1
-0.0585,0.3019,0.1295,1.8321,1.4632,2.2099,0.0502,0
0.2257,0.4684,0.1423,1.1945,1.4335,2.5052,0.0805,0
0.2676,0.0158,0.1902,0.6349,1.3153,1.4861,0.0456,0
0.1171,0.2452,0.102,0.01,0.9327,1.2516,0.1011,0
0.1937,0.2538,0.057,1.2048,1.6124,2.2291,0.0538,0
0.0509,0.2285,0.1658,0.01,2.0138,2.3612,0.037,0
0.0966,-0.0899,0.079,0.6861,1.6862,1.1005,-0.016,0
-0.2718,-0.0633,-0.0215,3.1951,0.8359,0.5108,0.0557,1
0.204,0.3229,0.0401,1.6116,2.1965,1.9965,0.1395,0
0.0455,0.1208,0.1826,1.31,1.2547,2.2272,0.0771,0
-0.0693,0.1052,0.1977,0.5091,0.9304,1.701,0.1634,0
0.1534,0.3527,0.0747,1.2882,0.9471,1.2505,0.0944,0
0.2903,0.4663,0.1131,0.3791,0.4259,2.1421,0.0193,0
0.1995,0.097,0.1124,1.5311,1.5795,2.281,0.0481,0
0.2672,0.2986,0.1494,0.7179,1.8808,1.8044,0.0629,0
-0.0866,0.0928,0.0989,1.0269,0.9792,1.1805,-0.0638,1
0.3946,0.0183,-0.0189,0.0504,1.7593,2.3624,0.0344,0
-0.1044,-0.3239,-0.1495,3.893,0.6597,1.0386,-0.0438,1
0.1421,0.3848,0.1023,1.1298,2.1066,2.3193,0.0647,0
0.2971,0.0303,0.0599,0.301,0.6983,1.8473,0.1503,0
0.2216,0.0675,0.1818,0.4974,1.7642,2.5869,0.0828,0
-0.0871,-0.1149,0.0421,2.7132,0.3994,1.0521,0.0088,1
-0.2024,-0.0877,0.0229,3.3317,0.8529,0.7532,-0.1062,1
0.312,0.1188,0.1377,0.6602,1.3367,1.7081,0.0177,0
-0.3065,-0.3696,0.0543,2.705,0.7448,0.9074,-0.0122,1
-0.1191,0.222,0.0022,1.403,1.711,2.0333,0.1361,0
0.2755,0.3814,0.1884,0.498,1.3082,0.9803,0.0404,0
0.0834,0.1692,0.072,0.0585,1.0729,1.2331,0.0394,0
0.3151,0.3829,0.0962,0.9216,1.2823,2.4783,0.05,0
0.1763,0.3489,0.1654,0.426,0.6131,1.7894,0.0747,0
0.2377,0.2307,0.1844,0.5579,1.7821,1.7806,0.0296,0
-0.1652,-0.1069,0.0034,4.3606,0.5005,1.2937,-0.0571,1
0.0247,0.1902,0.0759,5.0838,0.5698,1.2489,-0.0253,1
0.1259,0.0087,-0.0571,3.426,0.01,1.3595,-0.1792,1
0.2645,0.2427,0.0157,0.7738,2.0816,2.4234,0.0569,0
0.1798,0.4134,0.2419,0.0806,1.3099,0.6108,0.0696,0
-0.0468,-0.0382,0.1502,2.7889,1.5805,1.1262,-0.1809,1
0.1455,0.3234,0.1412,0.3806,1.4271,0.79,0.1321,0
-0.0722,0.2272,0.1636,0.3531,1.2448,1.7119,-0.085,0
0.1028,0.1753,0.0692,0.3992,1.2611,2.1854,0.0073,0
-0.1759,-0.1618,0.0131,3.6707,0.6562,0.8257,-0.1285,1
0.2739,0.2236,0.105,0.7345,1.8513,1.3621,0.0197,0
0.2683,0.1065,-0.1719,1.9189,1.1801,0.6169,-0.0045,1
0.0646,-0.0128,0.0766,0.879,1.3614,1.592,0.0127,0
0.216,0.1694,0.1393,0.2649,2.0876,1.3518,0.071,0
0.2043,-0.2245,-0.0005,1.609,0.404,0.6553,-0.043,1
0.2585,0.2471,0.0842,0.8112,1.6188,1.2096,0.1157,0
0.1575,0.1107,0.2761,0.2633,1.2285,2.0079,0.09,0
0.148,0.4965,0.1216,0.3683,1.3875,1.809,0.0836,0
0.0975,0.2915,0.1717,0.5017,2.2392,1.5372,0.0616,0
0.2489,0.1475,0.0836,0.7929,1.4598,1.8489,0.0818,0
0.1853,0.1366,0.1216,0.6917,1.0243,2.4663,0.1064,0
-0.1419,-0.0277,-0.1344,2.6303,0.79,0.8168,-0.0503,1
0.1668,0.1714,0.0185,0.2601,0.5913,1.7494,0.0301,0
-0.1175,-0.0999,0.0401,0.7674,0.1111,0.6798,-0.1377,1
0.1513,0.2931,0.0973,0.5879,1.1721,1.9648,-0.0159,0
-0.1438,-0.0208,0.0294,2.8128,0.6349,0.6314,-0.042,1
0.2305,0.344,0.0256,0.0486,1.1016,1.4692,0.0977,0
0.0605,0.2929,0.0493,1.0767,1.3864,1.0026,0.081,0
0.368,0.3281,0.0803,0.087,1.5575,2.2147,0.0284,0
0.1275,0.324,0.1778,0.2464,1.2538,1.7244,-0.0098,0
0.4092,0.5301,0.0303,1.5911,1.2402,1.8646,0.0568,0
0.2641,0.2812,0.0224,0.5339,1.1571,1.7614,0.0813,0
-0.2034,-0.1515,-0.1869,2.9791,0.9942,0.7067,0.0859,1
-0.0537,0.3285,0.1528,3.0236,0.8114,0.948,0.0091,1
0.2299,-0.0038,0.0898,0.3936,1.7312,2.3355,-0.0437,0
0.1944,-0.1555,0.1204,0.6259,1.37,1.6157,0.1004,0
0.0805,0.3325,0.2081,0.1492,0.6588,1.7376,0.0608,0
0.1288,0.2584,0.0814,1.373,0.265,1.7917,0.0547,0
0.1669,0.3739,0.0738,0.01,2.0998,2.4907,-0.0046,0
0.4668,-0.0003,0.1635,0.7136,1.7088,2.0207,0.0233,0
0.0714,0.3519,0.0311,1.1332,1.585,0.9371,0.0261,0
-0.0762,-0.2511,0.0337,1.4218,0.8085,0.8964,0.0469,1
-0.2774,0.2095,0.1596,1.7647,0.6837,1.0143,-0.0132,1
0.1801,0.3529,-0.0292,1.0235,1.1446,2.6267,0.0912,0
0.0964,0.4637,0.0945,0.3561,1.7991,1.6566,0.098,0
0.0887,-0.0881,-0.0847,3.3379,0.918,1.2581,0.0108,1
0.1387,0.2549,0.1877,0.6548,1.829,2.5144,0.1317,0
0.2239,0.0356,-0.0688,5.0888,0.6183,1.1968,-0.0161,1
0.1508,0.241,0.1296,0.9454,0.6018,1.2394,0.1065,0
-0.1481,-0.2191,0.1174,0.01,1.7413,1.3224,-0.0221,1
-0.1801,-0.2316,-0.0504,0.885,0.5542,0.7095,0.03,1
0.1984,0.654,0.121,0.298,1.3618,0.9119,0.056,0
0.1631,-0.2141,-0.1032,3.0657,0.6343,1.1532,-0.0238,1
-0.0729,0.0416,0.0757,1.5568,0.4006,0.1655,0.0006,1
-0.1465,0.0856,-0.0143,2.8223,1.2585,1.1031,0.0031,1
0.3555,0.2528,0.1135,1.1464,0.8923,2.6513,0.0701,0
0.0608,0.0231,-0.1135,3.8032,0.6392,1.2232,-0.0106,1
0.2551,0.1876,0.0322,0.575,1.9029,1.5323,0.0779,0
0.292,0.2925,0.0796,0.7793,1.4078,1.3988,0.0889,0
0.2695,0.0052,0.0457,0.01,1.2901,1.7769,0.0657,0
0.1656,0.2252,0.1019,0.8378,1.2271,2.4364,0.0015,0
0.1255,0.6891,0.0403,0.3393,1.1738,1.9216,0.0365,0
0.114,0.3976,0.1076,0.5617,0.8782,1.3532,-0.0221,0
0.1418,-0.0618,-0.0154,0.8682,1.0239,1.1582,0.1331,1
0.2462,0.4283,0.211,1.2216,1.8651,1.51,0.0022,0
0.3633,0.3721,0.1289,0.9844,1.5575,0.8362,0.0461,0
0.1089,0.1923,0.0753,1.3108,1.2485,2.8413,0.0815,0
0.1101,0.2743,0.1062,0.8747,0.8356,2.2016,0.072,0
0.1923,0.2314,0.0873,1.1733,1.5302,2.9379,0.0174,0
0.1796,0.0115,0.0601,0.3486,1.7237,1.8584,-0.0043,0
-0.0721,-0.1932,-0.1795,3.1163,0.6402,0.432,-0.2698,1
0.1222,0.3822,0.1001,0.9977,1.017,1.5053,0.0371,0
0.3137,0.2377,0.1184,0.5811,1.4728,2.0197,0.0551,0
0.2991,0.1272,0.1655,0.526,0.8657,2.1621,0.1245,0
-0.1033,0.4539,0.1456,0.01,1.157,2.5841,0.1324,0
0.0461,0.2703,0.0804,0.1273,1.2875,2.0527,0.0864,0
0.1128,0.2835,-0.0045,0.527,0.9632,1.8677,0.1097,0
0.2352,0.1984,0.0931,0.8739,1.0953,1.9052,0.1365,0
0.2023,0.0702,0.1651,0.9052,1.4794,1.7954,0.0341,0
0.3812,0.4036,0.115,1.3225,1.458,1.812,0.0424,0
0.0936,0.231,0.0454,1.1476,1.2497,1.1476,0.0821,0
0.2995,0.3938,0.1031,0.9145,1.8297,1.9122,0.1052,0
-0.1116,-0.3211,-0.0415,2.1304,1.0339,1.4241,0.0717,1
0.161,0.1639,0.0831,1.0897,1.9648,1.4859,0.0649,0
0.3019,-0.0427,0.1086,0.01,1.7039,1.7528,0.081,0
0.1852,0.0909,0.057,0.1577,1.7911,0.7472,0.1177,0
0.034,0.1162,0.0634,3.051,0.779,0.2356,-0.0056,1
0.1041,0.4526,0.0608,0.3968,1.4303,2.1428,0.0529,0
0.231,0.116,-0.0647,4.0372,0.8204,1.2411,-0.0012,1
0.1934,0.2357,0.08,0.6448,0.7809,1.9321,0.058,0
0.1742,0.4113,0.1126,0.9048,0.9633,1.9169,0.1118,0
0.3073,0.2689,0.0719,0.3036,0.8219,2.1331,0.0889,0
0.0662,0.2198,0.0996,1.0994,1.6673,1.4329,0.0641,0
0.0994,0.171,0.0207,1.0045,1.6667,1.125,0.0372,0
0.2251,0.401,0.0057,1.3408,1.415,2.3459,0.0565,0
-0.177,-0.2287,0.083,2.0983,0.6789,0.518,-0.0061,1
0.0524,0.2307,0.0609,0.01,2.0398,2.1516,0.0867,0
0.0754,0.321,0.1175,1.2789,1.0836,1.817,-0.0083,0
0.1553,0.1962,0.0611,1.1721,1.3275,1.4753,0.1261,0
0.2017,0.2045,0.0869,1.1831,0.9839,2.7726,-0.0311,0
0.1163,0.3188,-0.0252,0.5077,1.3876,1.3452,0.0132,0
0.076,0.3548,0.1869,0.6425,1.3034,2.5334,0.0853,0
0.2109,0.1516,0.0859,0.3303,1.8477,1.6528,0.1326,0
0.4749,0.4367,0.0189,0.1388,1.5927,2.0736,0.0874,0
-0.0099,0.0017,-0.1781,3.574,0.6551,0.9587,0.089,1
0.0774,0.2593,0.1064,0.2607,1.3299,1.9997,0.078,0
0.2385,0.3272,0.1492,0.9622,1.1869,2.2198,-0.0079,0
0.0899,0.0801,0.121,0.3778,1.441,1.5586,-0.0291,0
-0.0528,-0.1777,0.0924,3.637,0.5681,1.0628,-0.1177,1
0.1997,0.2967,0.202,1.3358,1.4763,2.2707,0.0084,0
0.2557,0.3419,0.039,0.678,1.3843,1.7328,0.0767,0
-0.2844,-0.2058,0.0594,0.9949,0.8881,0.3574,-0.0027,1
0.1134,0.3054,0.1075,1.268,1.7108,1.8152,0.0151,0
0.1695,0.3419,0.0985,0.6914,1.4233,1.4981,0.0428,0
0.2901,0.4092,0.1319,0.9808,2.1045,1.7998,0.0009,0
0.1466,0.3347,0.0388,0.7882,1.3303,1.9127,0.0415,0
0.3394,0.3518,0.0513,0.7755,1.3359,1.9654,0.1326,0
0.2344,0.3769,0.1308,0.5694,1.7026,1.1028,0.1127,0
0.0909,-0.0665,0.1804,0.4567,1.8654,2.3344,-0.0043,0
0.2797,0.4273,0.096,0.621,1.8909,1.1949,0.0819,0
0.1884,0.3536,0.0733,0.8695,1.382,1.3371,0.0543,0
0.1999,0.321,0.0613,0.01,1.6013,0.7683,0.0441,0
0.1231,0.1304,0.1025,1.0175,1.2424,2.0689,0.0753,0
0.0021,0.109,0.1286,1.658,1.361,1.9639,0.1076,0
0.0887,0.1874,0.1206,0.9742,1.0409,1.5561,0.1137,0
0.2444,0.2623,-0.0051,0.3696,1.669,1.8833,0.119,0
0.1,-0.0362,0.0764,1.3008,1.9574,2.1553,0.0815,0
0.0976,0.4287,0.0912,0.01,0.8401,1.6753,0.0018,0
0.1111,0.2807,0.146,0.01,1.5199,2.2662,0.0392,0
0.249,0.4132,0.1415,0.9366,1.0007,1.7986,0.0333,0
-0.1265,-0.154,-0.1179,1.9668,0.9132,1.2028,-0.1138,1
-0.031,0.2878,-0.12,1.6867,0.9542,0.9718,-0.0119,1
0.1028,0.4914,0.1136,1.118,1.0712,1.1904,0.0315,0
0.0244,-0.0699,0.0165,5.3841,0.7827,0.9804,0.0441,1
0.1658,0.3008,0.1618,1.2362,0.9428,2.2101,0.0568,0
-0.1002,-0.195,-0.0853,4.6185,0.9215,0.3956,0.0334,1
0.165,0.201,0.0374,0.2139,1.5857,1.5247,0.0758,0
-0.0342,-0.3668,-0.0801,2.8837,0.3221,1.0762,-0.0416,1
0.1234,0.3747,0.1126,0.3077,1.3976,2.192,0.0506,0
0.2091,0.1955,0.089,0.01,1.3113,2.2847,0.0284,0
0.063,0.0829,0.0621,0.329,1.1808,1.6929,0.1019,0
0.2203,0.105,0.0522,0.8515,0.4744,2.6367,0.0821,0
0.1013,0.2805,0.1409,1.2813,0.9095,2.8983,0.0984,0
0.2644,0.3089,0.1272,0.01,1.4201,2.0398,0.0964,0
-0.034,-0.151,0.1304,0.01,1.1275,1.3984,-0.2059,1
0.303,0.1605,-0.0434,0.5939,1.7654,2.0688,0.0814,0
0.0106,-0.1048,-0.1104,2.8892,0.4463,1.3751,-0.0772,1
-0.0047,0.1857,0.1618,0.6316,1.0614,2.2628,0.0435,0
0.1282,0.2368,0.2302,0.0882,0.6593,2.1918,0.0261,0
0.2669,0.072,0.1353,1.1099,0.6355,1.8465,0.0366,0
0.075,0.3636,0.1822,1.1476,1.5135,1.3061,0.0177,0
0.1958,0.0854,0.0114,0.4303,1.8768,2.275,0.0722,0
0.1812,0.0705,0.0841,1.4851,1.8797,1.7839,0.0556,0
-0.0228,-0.3594,0.02,1.7184,0.6414,1.1345,0.0591,1
-0.073,0.2055,0.1145,0.2245,1.5545,1.6978,0.1478,0
0.1771,0.3663,0.0373,0.7869,1.1502,2.1735,0.0616,0
0.2279,0.3812,0.061,0.1984,0.9832,1.5564,0.0424,0
0.1862,0.1109,0.0886,0.0513,1.9453,1.6482,0.0356,0
0.3027,0.0129,0.1747,1.9157,0.8716,2.1857,0.0601,0
0.2281,0.1442,0.0382,2.2282,0.5122,0.7511,0.0471,1
-0.1401,-0.1583,-0.0802,4.7227,0.796,0.4769,0.0258,1
0.4372,-0.0874,0.1365,0.5214,1.1654,1.4901,0.0146,0
0.2657,0.5016,0.0517,1.3384,0.5321,1.2029,0.0121,0
0.043,0.4098,0.0845,1.4343,1.5966,1.1884,0.1312,0
0.1021,0.2805,0.0725,0.8928,2.0037,2.1028,0.0854,0
0.1296,0.2274,0.054,0.236,1.524,1.1632,0.0393,0
0.1755,0.2774,0.0598,1.3859,0.9295,2.0438,0.1191,0
0.1901,0.2562,0.1622,0.9672,1.9912,1.3032,0.0668,0
0.2092,-0.0036,0.0413,2.1776,1.2778,2.1655,0.0275,0
-0.086,-0.175,0.0511,3.0331,0.6917,1.3637,-0.1265,1
0.0989,0.305,0.0556,1.2324,1.4606,1.9492,0.0209,0
0.1086,-0.0231,0.0577,0.104,2.0816,1.7424,0.0427,0
0.0394,0.1023,0.1119,0.7605,1.1684,1.5596,0.0948,0
0.3277,0.0748,0.113,0.2513,1.1645,1.3814,0.0296,0
0.2235,0.3213,0.0523,1.0122,1.9118,0.6916,0.0851,0
0.0443,-0.1024,-0.1097,2.591,0.5969,1.29,-0.0518,1
-0.1208,0.1178,-0.0136,1.2067,0.5854,1.1718,-0.0984,1
0.0692,0.3964,0.184,0.4857,1.289,1.2818,0.0498,0
0.0889,0.4407,0.0412,0.01,1.5523,1.3913,0.0761,0
-0.207,0.0073,0.0986,3.3627,1.0988,0.5973,-0.1537,1
-0.0134,-0.2128,-0.148,3.5469,0.9951,0.8603,0.1077,1
-0.2772,-0.1893,0.0656,2.7569,0.4263,0.9693,-0.0092,1
0.1943,0.3807,0.0249,0.0337,2.0318,1.4941,0.1168,0
-0.0938,-0.4126,0.0683,2.4066,0.7459,2.1772,-0.0161,1
0.2218,-0.0164,0.1638,0.9263,1.9538,2.0221,0.1151,0
0.0948,0.2509,0.0081,1.3751,1.3179,2.3593,0.0337,0
0.1429,0.0392,0.1009,1.2511,1.0369,2.5596,0.0855,0
-0.0897,-0.5008,0.0435,1.0129,0.818,1.011,0.0689,1
0.1684,0.2822,0.1947,1.2927,1.7477,1.5722,0.0155,0
0.2523,0.2668,0.1604,1.059,1.4105,1.6482,0.056,0
0.2142,0.4831,0.1512,1.0074,1.5853,1.8218,0.0879,0
0.0281,-0.1446,0.1233,0.7526,1.1941,1.9218,0.057,0
0.333,0.3497,0.0445,0.01,1.2692,1.6933,0.0848,0
-0.1515,0.2602,-0.024,0.7831,0.8384,0.6276,0.0273,1
0.1754,-0.0852,0.1429,0.8439,0.289,0.8778,-0.0093,1
0.0854,0.077,0.1682,0.9693,1.0248,1.9083,0.0087,0
0.1249,0.2752,0.1567,1.0504,1.0486,2.1712,0.0281,0
-0.0751,-0.0707,0.1007,1.5197,0.9106,0.7427,-0.0377,1
0.0648,0.2664,0.1232,0.2117,1.7712,0.9148,0.0311,0
0.1303,0.2226,0.0406,0.7825,1.0756,1.243,0.0729,0
0.1143,0.1453,0.0608,0.6067,1.1458,1.9042,0.078,0
0.2415,0.3265,0.1487,0.966,2.5742,1.286,-0.0255,0
-0.1271,-0.3118,-0.0263,3.6462,0.5043,1.1016,-0.0824,1
0.1236,0.0259,0.1753,0.5512,0.8927,1.7159,0.0634,0
-0.0492,-0.1469,-0.1615,1.9952,0.6972,0.5791,-0.0529,1
0.0591,-0.0896,0.0533,2.4031,0.8236,0.1007,0.0333,1
-0.033,0.0324,0.1386,1.0146,1.4399,0.1192,-0.0521,1
0.2495,0.0788,0.0933,0.3975,1.2449,1.5932,0.0361,0
0.2831,0.1513,0.1513,0.254,1.7561,1.8859,0.0877,0
0.0212,-0.105,0.0618,4.1682,0.9673,0.9041,-0.1449,1
0.2228,-0.0053,0.0663,0.6353,2.0699,1.6626,-0.0501,0
-0.1575,-0.4733,-0.0283,2.3539,1.254,1.1523,-0.1219,1
0.1446,0.0651,0.1571,1.6446,2.068,2.412,0.0501,0
0.0535,-0.1802,0.0024,2.5151,0.8293,0.5908,-0.038,1
0.1864,0.1942,0.0113,0.9288,2.1569,1.3581,0.0213,0
0.2209,0.0956,0.0188,0.0388,1.8451,1.4854,0.1367,0
0.0402,0.4304,0.1108,1.2189,1.3592,1.3788,0.0975,0
0.2338,0.3574,0.2437,1.8925,1.1253,2.6119,0.0792,0
0.1779,0.2934,0.0293,0.6902,1.6438,1.0223,0.07,0
-0.1374,-0.5878,-0.0334,4.2073,1.0779,1.2862,0.0589,1
0.0647,0.2902,0.0506,0.5409,1.9301,2.2136,0.0679,0
0.0929,0.2225,0.1115,4.468,1.0226,0.9302,-0.1682,1
0.1884,0.0896,0.1574,1.9623,1.3932,2.0525,0.0642,0
0.305,0.3669,0.0977,0.591,0.5897,1.2646,0.1556,0
0.3131,0.0705,0.1536,1.2465,2.1318,1.5952,0.0956,0
0.3712,0.4246,0.181,0.8122,1.5284,2.3011,0.138,0
-0.0286,0.3961,0.1179,0.4133,2.1595,1.8435,0.0082,0
0.0373,0.2604,0.1518,0.01,1.7281,2.2087,0.1077,0
-0.1389,-0.1053,0.008,1.5285,0.9272,0.7105,-0.0412,1
0.1752,-0.1645,-0.0451,4.0938,0.9669,1.0824,0.1332,1
-0.1631,-0.1128,0.0129,2.8856,0.9266,1.5455,-0.0037,1
0.2336,-0.0794,0.0903,0.8715,1.7398,2.1464,0.0891,0
0.1878,0.31,0.1121,0.285,1.4184,1.2632,0.0641,0
0.0967,0.3873,0.067,0.7416,1.1458,2.6694,0.0439,0
0.0528,0.2817,0.1638,0.6122,1.9404,2.4464,0.1432,0
0.339,0.3361,0.184,0.1289,0.8537,1.7255,0.0851,0
0.2002,0.2473,0.0414,0.7774,0.9068,2.4955,-0.0078,0
0.2533,-0.0339,0.1187,0.2061,1.2411,2.0672,0.0646,0
0.0209,-0.0488,0.0783,4.4986,1.1043,0.1637,-0.1424,1
0.1189,0.2361,0.0856,1.3584,1.4746,1.4342,0.1545,0
0.3282,0.5444,0.1002,1.3057,1.9366,1.4288,0.0357,0
0.0651,-0.1939,0.0343,1.9439,0.6603,0.9968,-0.1931,1
0.3202,0.2046,0.1808,0.7033,1.9886,1.7891,0.0954,0
0.0453,0.1152,0.1331,0.4333,1.2797,0.9863,0.0693,0
0.2262,0.0731,0.1103,1.1358,2.0112,2.2438,0.098,0
-0.0065,0.3151,0.0671,2.1088,1.1604,0.7368,-0.203,1
-0.0076,-0.1497,0.1407,3.0892,1.0205,1.1652,0.0539,1
-0.1493,0.0705,-0.0993,2.3623,0.9515,1.2463,-0.136,1
0.2456,0.3946,0.0988,0.4144,0.6904,1.457,0.0291,0
0.2441,0.2685,0.0932,0.1504,1.4931,1.4216,-0.0495,0
0.4212,0.4775,0.1361,0.836,1.3151,1.324,0.0639,0
0.2775,0.3273,0.1587,1.0611,0.9585,1.6346,0.021,0
0.0875,0.2883,0.0463,0.5959,1.0017,2.1256,0.1029,0
-0.039,-0.358,-0.1495,2.0971,1.3007,0.7962,-0.1603,1
0.2302,0.4176,0.1869,0.6201,0.8696,1.5933,0.073,0
0.1857,0.267,0.1112,1.2599,1.8076,1.5029,0.0292,0
0.152,0.0581,0.1309,0.3829,2.2736,2.0853,0.031,0
0.2071,0.3327,0.1204,0.9953,0.8694,2.3237,0.1185,0
0.1907,0.1982,0.1413,0.4935,1.3772,2.392,0.0771,0
-0.0198,-0.0433,-0.0459,3.204,0.6575,1.2485,-0.1477,1
0.0953,-0.2404,-0.0528,2.0295,0.3609,1.0184,-0.0191,1
0.2272,0.4726,0.1213,0.6435,1.3997,1.1748,0.0902,0
0.2044,0.0865,0.0409,0.3151,1.4442,1.4868,0.0847,0
0.3363,0.1272,0.1919,1.0499,0.8403,1.9838,-0.045,0
0.2847,0.0276,0.0301,0.3387,0.6372,0.5849,-0.0897,1
-0.2584,-0.4291,0.0823,5.4277,1.2153,1.1256,0.0076,1
-0.0604,0.4589,0.1403,0.0498,0.8085,2.6361,0.0231,0
0.0006,0.4125,-0.0103,1.2491,1.2529,2.1513,-0.0066,0
0.2296,0.5613,0.1708,1.3721,0.8449,2.1819,0.0573,0
-0.0408,0.2154,0.1082,0.7737,1.342,1.8215,0.1111,0
0.2662,0.2709,0.0054,0.3986,1.3704,1.7622,0.1586,0
0.0974,0.527,0.216,0.9284,1.3954,2.3153,0.1147,0
-0.0032,0.0923,0.1898,1.7289,1.3586,1.1805,0.1648,0
0.1976,0.0625,0.0841,0.8169,1.5074,1.2426,0.1198,0
0.0234,0.0269,0.091,2.9918,0.7276,1.169,0.112,1
0.1849,0.3653,0.0635,0.9816,1.5244,0.8552,0.1608,0
0.1022,0.4258,0.1899,0.3919,0.818,1.951,0.0326,0
0.186,0.3082,0.175,0.1336,1.2602,1.4137,0.079,0
0.0405,0.1438,0.0842,0.01,1.1044,2.1262,0.1314,0
0.023,-0.0871,-0.2175,1.3728,0.7568,0.4161,0.008,1
0.163,0.4955,0.089,0.7901,1.2071,2.3495,0.158,0
0.1676,0.0904,0.0994,0.01,0.952,2.1355,0.0902,0
0.2275,0.2496,0.0646,0.2539,1.7339,2.2569,-0.0173,0
0.1547,0.4044,0.1478,0.8076,1.0101,2.1228,0.061,0
0.1503,0.4468,0.1192,0.897,0.892,1.9435,0.0184,0
-0.2101,-0.1285,-0.008,3.1173,1.0135,0.4501,-0.1627,1
0.2922,0.598,0.1118,0.348,0.7804,1.929,0.1152,0
0.3656,0.2836,0.0792,0.01,1.2949,1.6318,0.108,0
0.0802,0.3278,0.1518,0.8857,1.8611,1.1913,0.0834,0
0.2758,0.5211,0.1304,0.272,1.2972,1.9539,0.1634,0
-0.0869,-0.2686,0.1971,2.2889,0.837,1.1206,-0.0365,1
-0.2481,0.0044,0.0097,2.8006,0.9039,0.628,-0.0214,1
0.2262,0.5536,0.0182,0.8949,1.1352,2.0129,0.061,0
0.3323,0.3603,0.2069,0.01,1.1902,1.4323,0.0961,0
0.1158,0.1374,0.0439,1.1284,1.29,0.4415,-0.0158,1
-0.1198,-0.1212,0.2444,0.6964,0.8761,1.0871,0.0469,1
0.1943,0.1726,0.0445,0.01,1.1219,2.0366,0.0249,0
-0.0954,-0.1776,-0.003,2.6927,0.8009,1.0748,0.0553,1
0.3231,0.4123,0.0213,1.111,1.9316,1.9934,0.1145,0
0.2507,0.5627,0.0395,0.6301,1.4926,2.1932,0.032,0
-0.0331,0.3652,0.1129,1.0541,2.9705,0.7579,0.1462,0
0.0524,0.0568,0.1176,0.8728,1.1544,1.8705,0.1394,0
0.1977,0.168,0.0837,1.6367,1.9362,1.1502,0.1015,0
0.3485,0.3763,0.1014,1.4755,0.795,1.1346,-0.0489,0
0.1425,0.2023,0.1769,1.0788,0.9554,1.9233,0.0849,0
0.1067,0.4144,0.1255,0.0275,1.1843,1.9932,0.1019,0
-0.0962,-0.0562,0.0049,4.3929,0.7714,1.0116,0.0086,1
0.1929,0.2162,0.1833,1.1187,2.0465,1.1036,0.0583,0
0.1887,0.285,0.0569,0.5061,1.4922,1.2333,0.0775,0
0.0424,0.0186,-0.051,2.8914,0.4247,1.2696,-0.0548,1
0.1176,0.2223,0.0637,0.01,1.7588,2.4374,0.0926,0
0.1744,0.0309,-0.0256,2.836,0.4624,1.8783,-0.0297,1
0.1027,0.3745,0.154,1.0256,1.8734,1.211,0.1434,0
0.1479,0.5193,0.1138,1.0489,1.6664,2.0108,0.1019,0
0.1036,0.0185,0.0578,1.8386,0.5545,0.8987,-0.0536,1
0.0895,0.4259,0.1399,1.7706,1.0487,1.611,0.0716,0
0.3183,-0.2275,-0.0731,1.7522,0.6334,0.645,0.0551,1
0.0815,0.1311,0.0746,0.1172,1.0104,2.1517,-0.0054,0
-0.0159,0.1614,-0.1807,2.7216,0.878,1.2127,-0.139,1
0.1408,0.0973,0.0384,0.6134,1.6578,2.2641,0.0352,0
-0.0786,-0.2751,-0.1583,3.6114,1.3728,0.3406,0.005,1
-0.1437,-0.0948,0.0318,1.6291,0.856,0.5978,-0.0889,1
0.0319,-0.0987,-0.0636,2.3685,0.7735,0.752,-0.0607,1
0.2049,0.3099,0.2495,0.6624,1.2729,1.8583,0.1136,0
-0.025,0.4239,0.0798,1.0127,1.8789,1.1142,0.0245,0
-0.0556,0.1207,-0.0086,2.6804,0.6909,0.8772,-0.0154,1
